collection,name_field,category,name
ingre_inci,inciName,garbage_long_name,"Hydrogenated Castor Oil/Sebacic Acid Copolymer. EstoGel® Green distributed by DKSH is a new oil gellant. It is a natural origin, rheology modifier with suspensory and rheofluidifying properties which creates non-brittle, transparent, sprayable gels with a very pleasant sensory feel. It is suitable for medium polar to polar oil gelification (some apolar oils too).
It is perfect combination of naturalness and performance for texturing oils. 
It is easy to disperse and offers soft & silky touch. 
It controls waxes crystallization and improves pigment distribution.
It is recommended for use in skin-, personal-, hair- & sun-care, make-up and perfumes applications. 
It is RSPO, COSMOS certified and China INCI compliant. 
EstoGel® Green has a shelf life of 1 year.
 HYDROGENATED CASTOR OIL/SEBACIC ACID COPOLYMER"
ingre_inci,inciName,garbage_long_name,"Phenylpropanol. A-Leen® Aroma-3 distributed by DKSH is a nature-derived, mild perfuming agent. It offers a broad-spectrum antimicrobial effect. It is a fragrance component naturally occurring in flowers and fruits. 
It is a 100% natural version of phenylpropanol produced starting from Cassia essential oil, which is traditionally obtained by steam distillation from the leaves and branches of the Chinese cinnamon tree Cinnamomum cassia. 
It brings a comfortable, balsamic and spicy oriental note.  
It is largely pH-independent and preservative-free grade. 
A-Leen® Aroma-3 is used in skin- & hair care products, make-up formulations, toiletries, wet wipes and perfumes. 
It is in accordance with the principles of “green-chemistry”.  
It is USDA certified, ECOCERT, COSMOS and NATRUE approved.
 PHENYLPROPANOL"
ingre_inci,inciName,garbage_long_name,"Polycaprolactone. CalyCare™ Gel 100 by Calyxia and distributed by Brenntag Beauty & Personal Care is a unique oil-phase gelling agent and emulsion viscosity stabilizer. It exhibits swelling properties and strong affinity with oils, fragrances and glycols. It can provide a wide range of texture, from gelled oils to wax-like consistencies. It is microplastic-free and offers a light, powdery, non-greasy and non-sticky finish. It is eco-designed and can be used at room temperature and with low shear, making the process easy and cost-effective.  It is suitable for O/W & W/O emulsions, anhydrous, liquid, and solid formula.It increases SPF performance while lowering UV filter loads. It is biodegradable according to OECD guidelines, and conforms to INCI China and REACH standards. CalyCare™ Gel 100 is recommended for body-, hair care, make-up and skincare formulations.


This product is distributed globally. For more information, please contact the Brenntag team using the Contact Supplier button.
 POLYCAPROLACTONE"
ingre_inci,inciName,garbage_long_name,"ETERWELL™ HAIR by DSM-Firmenich is the first senolytic plant extract designed to promote hair follicle longevity and stimulate hair growth. It is made with 100% natural ingredients and alpine blue flax sourced ethically and fairly. 

It delivers excellent performance even at low concentrations. 

It selectively eliminates harmful cells through targeted apoptosis, reactivating the hair's natural renewal processes. 

ETERWELL™ HAIR promotes reduced inflammation, a balanced scalp, increased hair density, and the prevention of hair loss. 

It follows green chemistry principles, utilizing gentle extraction with organic ethanol and maintaining a low carbon footprint, thereby minimizing environmental impact. 

It offers versatile application, promoting holistic and sustainable hair care while helping to slow premature hair aging."
ingre_inci,inciName,garbage_long_name,"Hydroxypropyl Methylcellulose (and) Cellulose Gum (and) Xanthan Gum. texturpure™ sa-2 ingredient by Ashland acts as a texturing and suspension agent. It offers a rich, smooth and luxuriously texture. It is designed to replace synthetic ingredients like acrylate-based polymers without sacrificing performance. It is 100% active and clean INCI ingredient which provides a sensorial experience.  
 It is used in hand care, body care, cleansers, shampoos, sulfate-free, silicone-free, anti-dandruff & deep conditioning products. 
 It glides & coats hair and provides rich foam, quick & easy rinse without any residues, leaving the hair smooth and detangled. 
 It exhibits heat- & salt tolerance and stability through suspension of oils and active ingredients in cleansing systems. 
 texturpure™ sa-2 ingredient is naturally derived, cold-processed, biodegradable and Vegan suitable grade. 
 HYDROXYPROPYL METHYLCELLULOSE"
ingre_inci,inciName,garbage_long_name,"Lactive™ (INCI: Hydrolyzed Lactoferrin) by BiCT and supplied by Brenntag Beauty & Personal Care in Western Europe (Italy and Iberia) is a whey-derived ingredient of high purity and certified for human use. The hydrolysis process enhances the bioactivity of lactoferrin, optimizing its biological functions. Lactive™ supports microbiome balance and is particularly suited for formulations targeting skin and mucosal applications.
It also demonstrates wound-healing and anti-aging properties, making it a versatile ingredient for advanced personal care formulations.
It acts as an anti-inflammatory-, and antiviral agent.
It is a mixture of peptides that comes from natural bioactivation and hydrolysis of the protein lactoferrin and is titrated in lactoferricin.
It exhibits a dual function by favoring the prebiotic flora and inhibiting the proliferation of harmful microorganisms at a determined dosage.
It creates a barrier against bacterial and/or viral attacks and offers anti-dandruff, and antioxidant properties.
Lactive™ is suitable for formulating anti-acne, anti-odor, vaginal health/intimate hygiene, hair-, facial-, and oral care products.
It is BSE-, pesticide-, preservative-, phthalate-, and volatile organic compounds-free grade.
It has a shelf life of 24 months.
 This product is distributed in Western Europe (Italy and Iberia) region only. For more information, please contact the Brenntag team using the Contact Supplier button."
ingre_inci,inciName,garbage_long_name,"CosVivet PQ11 (INCI: Polyquaternium-11) is a skin and hair conditioner supplied by Brenntag Beauty & Personal Care in Western and Central Eastern Europe. This product is soluble in both water and alcohols. It promotes easy distribution over the hair, improves compatibility and clarity in anionic surfactant systems.
CosVivet PQ11 is highly recommended for use in styling products.
It is also used in shower gels, fixative sprays, conditioners, transparent shampoos and facial cleansers.
CosVivet is a registered Tradename of Brenntag.
 This product is distributed in the EMEA (Western and Central Eastern Europe) region only. For more information, please contact the Brenntag team using the Contact Supplier button. 
 POLYQUATERNIUM-11"
ingre_inci,inciName,garbage_long_name,"CosVivet PQ39 (INCI: Polyquaternium-39) is a skin and hair conditioner supplied by Brenntag Beauty & Personal Care in Western and Central Eastern Europe. It helps to hold curls without flaking. It is compatible with most anionic and amphoteric surfactants. It can provide richer and more dense foam in pumpable soaps and reduce irritation of surfactants.
It is mainly used in hair care, as it improves wet and dry combing considerably.
CosVivet PQ39 is the preferred polyquat for curl activators and facial cleansers.
CosVivet is a registered Tradename of Brenntag.
 This product is distributed in the EMEA (Western and Central Eastern Europe) region only. For more information, please contact the Brenntag team using the Contact Supplier button. 
 POLYQUATERNIUM-39"
ingre_inci,inciName,garbage_long_name,"CosVivet PQ22 (INCI: Polyquaternium-22) is a skin and hair conditioner supplied by Brenntag Beauty & Personal Care in Western and Central Eastern Europe. It is compatible with cationic, nonionic, anionic, and amphoteric surfactants. It delivers conditioning, even in extreme conditions (pH 2-14).
It helps improve the saturation of hair colors and reduction of ammonia and hair dye levels.
CosVivet PQ22 is recommended for hair care, especially shampoos, dyes and fixatives.
CosVivet is a registered Tradename of Brenntag.
 This product is distributed in the EMEA (Western and Central Eastern Europe) region only. For more information, please contact the Brenntag team using the Contact Supplier button. 
 POLYQUATERNIUM-22"
ingre_inci,inciName,garbage_long_name,"CosVivet PQ10 (INCI: Polyquaternium-10) is a skin and hair conditioner supplied by Brenntag Beauty & Personal Care in Western and Central Eastern Europe. It is a cationic conditioning agent in crystalline powder form suitable for clear formulations, can be used as a water soluble film former and viscosity enhancer.
It provides antistatic properties.
It is suitable for skin and hair applications.
CosVivet PQ10 has a shelf life of 2 years.
CosVivet is a registered Tradename of Brenntag.
 This product is distributed in the EMEA (Western and Central Eastern Europe) region only. For more information, please contact the Brenntag team using the Contact Supplier button. 
 POLYQUATERNIUM-10"
ingre_inci,inciName,garbage_long_name,"CosVivet PQ7-40 (INCI: Polyquaternium-7) is a skin and hair conditioner supplied by Brenntag Beauty & Personal Care in Western and Central Eastern Europe. It improves compatibility and clarity in anionic surfactant systems, provides a rich and creamy foam to shampoos, imparts a soft, silky feel to skin and hair.
CosVivet PQ7-40 is a universal ingredient for many skin and hair care applications.
Active content is 39-41%.
CosVivet is a registered Tradename of Brenntag.
 This product is distributed in the EMEA (Western and Central Eastern Europe) region only. For more information, please contact the Brenntag team using the Contact Supplier button. 
 POLYQUATERNIUM-7"
ingre_inci,inciName,garbage_long_name,"CosVivet PQ6 (INCI: Polyquaternium-6) is a skin and hair conditioner supplied by Brenntag Beauty & Personal Care in Western and Central Eastern Europe. It has a high substantive power, is ideal for high pH or highly reactive formulations, e.g. bleaches, hair colors or relaxers.
It is compatible with cationic, non-ionic and amphoteric surfactants.
CosVivet PQ6 is 100% cationic, mainly used in hair care applications, e.g. hair masks.
CosVivet is a registered Tradename of Brenntag.
 This product is distributed in the EMEA (Western and Central Eastern Europe) region only. For more information, please contact the Brenntag team using the Contact Supplier button. 
 POLYQUATERNIUM-6"
ingre_inci,inciName,garbage_long_name,"CosVivet PQ7-36 (INCI: Polyquaternium-7) is a skin and hair conditioner supplied by Brenntag Beauty & Personal Care in Western and Central Eastern Europe. It improves compatibility and clarity in anionic surfactant systems, provides a rich and creamy foam to shampoos, imparts a soft, silky feel to skin and hair.
CosVivet PQ7-36 is a universal ingredient for many skin and hair care applications.
Active content is 33-36%. 
CosVivet is a registered Tradename of Brenntag.
 This product is distributed in the EMEA (Western and Central Eastern Europe) region only. For more information, please contact the Brenntag team using the Contact Supplier button. 
 POLYQUATERNIUM-7"
ingre_inci,inciName,garbage_long_name,"Betaine (30%) (and) Sodium PCA (10%) (and) Sorbitol (4.2%) (and) Serine (1.5%) (and) Glycine (1.0%) (and) Glutamic Acid (0.75%) (and) Alanine (0.40%) (and) Lysine (0.35%) (and) Arginine (0.35%) (and) Threonine (0.2%) (and) Proline (0.1%) (and) Methylparaben (0.1%) (and) Propylparaben (and) Aqua. Prodew® 400 by Ajinomoto acts as an effective moisturizing agent and humectant. It is a 50% aqueous solution made from non-animal origin. It protects the skin from dryness, promotes elasticity and help keep skin healthy and fresh-looking. It is designed on the principles of biomimicry, the natural component mixture to base a cosmetic product on is NMF and natural moisturizing factor. Prodew® 400 shows excellent moisture absorption, hygroscopicity and retention capabilities. It can be used in tonic, shower gel, creams, lotions, treatments, pre- and post-suncare and make-up products. It is recommended for shampoos, conditioners, hair tonics, hair creams, foundations, lipsticks, damaged and sensitive skin products.
 BETAINE"
ingre_inci,inciName,garbage_long_name,"Sodium Lactate (29%), Sodium PCA (10.55%), Sorbitol (7.56%), Proline (2.9%), Methylparaben (0.1%), Propylparaben and Aqua. Prodew® 300 by Ajinomoto is a humectant and moisturizing agent. It is a 50% aqueous solution made from non-animal origin. It protects the skin from dryness, promotes elasticity and help keep skin healthy and fresh-looking. It is designed on the principles of biomimicry, the natural component mixture to base a cosmetic product on is NMF and natural moisturizing factor. Prodew® 300 offers excellent moisture absorption, hygroscopicity and retention capabilities. It can be used in tonic, shower gel, creams, lotions, treatments, pre- and post-suncare and make-up products. It is recommended for shampoos, conditioners, hair tonics, hair creams, foundations, lipsticks, damaged and sensitive skin products.
 SODIUM LACTATE"
ingre_inci,inciName,garbage_long_name,"Hydroxypropyl Methylcellulose (and) Cellulose Gum (and) Xanthan Gum. texturpure™ sa-1 ingredient by Ashland acts as a thickening-, texturing and suspension agent. It is developed using a unique sustainable polysaccharide technology. Exhibits heat- & salt tolerance and long-term product stability through suspension of oils and active ingredients in cleansing systems. It offers a rich, smooth, luxuriously viscous and indulgent texture. It glides & coats hair and provides rich foam, quick & easy rinse without any residues, leaving the hair smooth and detangled. It contains a specific ratio of high performance clean INCI ingredients which provide a sensorial experience and yield value, which match or surpass many leading synthetics. Recommended for personal care formulations such as hand-, body care, shampoos (sulfate-free & silicone-free), anti-dandruff & deep conditioning products, body washes, facial cleansers and scrubs. texturpure™ sa-1 ingredient is GMO-free, naturally-derived, biodegradable and Vegan suitable.
 HYDROXYPROPYL METHYLCELLULOSE"
ingre_inci,inciName,garbage_long_name,"Monamid 1007 functions as consistency agent. The INCI Name of Ingredients is Lauramide DEA (and) Linoleamide DEA. It is liquid with HLB value 12.8. Applications include hair care and toiletries.
 LAURAMIDE DEA"
ingre_inci,inciName,garbage_long_name,"Propanediol & Saccharomyces/Podophyllum Peltatum Ferment Filtrate. ACB Sirtuin Complex coincides with the trend for Sirtuin technology. It is capable of increasing DNA repair and is also an excellent alternative to resveratrol. This product also coincides perfectly with the desire for eco-friendly cosmetics. The propanediol which is used as the solvent is derived from non-GMO corn. Easy to formulate with, ACB Sirtuin Complex PD is water soluble so it can be used in a variety of skin and hair care applications.
 PROPANEDIOL"
ingre_inci,inciName,garbage_long_name,"Glycerin (and) Elettaria Cardamomum Seed Extract (and) Myristica Fragrans (Nutmeg) Extract. ABS Cardamom & Nutmeg Extract G by Active Concepts acts as a moisturizing agent. It allows formulators to capitalize on the trend for increasing aquaporin activity. It enhances the hydrating benefits. Used in skin care, hair care and color cosmetics, the ingredient also coincides with the trend for using food inspired ingredients in cosmetics.
 ELETTARIA CARDAMOMUM SEED EXTRACT"
ingre_inci,inciName,garbage_long_name,"Technical datasheetNapure C-HPSupplied byGuangzhou Tinci Materials Technology (Tinci)- Last Updated on Jun 10, 2025
Napure C-HP
Sodium Methyl Cocoyl Taurate. Napure C-HP by Guangzhou Tinci Materials Technology (Tinci) is an anionic, mild surfactant. It provides excellent foamability, wetting, emulsifying and softening properties over a wide pH range. It shows compatibility with anionic, nonionic, amphoteric surfactants and good tolerance to hard water. It is easily rinsed off, readily biodegradable, and delivers a significant synergistic foaming boost when combined with other surfactants.  
It is suitable for shampoo, body wash, shower gel, facial cleanser, baby care, shaving product and toothpaste. 
Napure C-HP has a shelf life of 24 months. 
 SODIUM METHYL COCOYL TAURATE"
ingre_inci,inciName,wrong_beta_arbutin,Beta Arbutin
ingre_inci,inciName,greek_or_eszett,ß-D-Glucan
ingre_inci,inciName,greek_or_eszett,Synthetic sapphire (Chemical composition: α-Al2O3)
ingre_inci,inciName,legitimate_alpha_beta_inci,Beta-Carotene
ingre_inci,inciName,legitimate_alpha_beta_inci,Beta-Caryophyllene
ingre_inci,inciName,legitimate_alpha_beta_inci,Alpha-Arbutin
ingre_inci,inciName,legitimate_alpha_beta_inci,Beta-Sitosterol
ingre_inci,inciName,legitimate_alpha_beta_inci,Beta-Glucan
ingre_inci,inciName,legitimate_alpha_beta_inci,Beta Vulgaris (Beet) Root Juice
ingre_inci,inciName,legitimate_alpha_beta_inci,Alpha-Glucan Oligosaccharide
ingre_inci,inciName,legitimate_alpha_beta_inci,Beta Vulgaris (Beet) Root Extract
ingre_inci,inciName,legitimate_alpha_beta_inci,Alpha-Glucan Hydroxypropyltrimonium Chloride
ingre_inci,inciName,legitimate_alpha_beta_inci,Alpha-Glucan
ingre_inci,inciName,legitimate_alpha_beta_inci,BETA VULGARIS ROOT EXTRACT
ingre_inci,inciName,legitimate_alpha_beta_inci,BETA VULGARIS EXTRACT
ingre_inci,inciName,legitimate_alpha_beta_inci,ALPHA AMYRIN
ingre_inci,inciName,legitimate_alpha_beta_inci,ALPHA-TERPINEOL
ingre_inci,inciName,legitimate_alpha_beta_inci,ALPHA-TERPINENE
ingre_inci,inciName,legitimate_alpha_beta_inci,Beta Vulgaris (Beet) Extract
ingre_inci,inciName,legitimate_alpha_beta_inci,alpha-Amyrin
ingre_inci,inciName,legitimate_alpha_beta_inci,beta-Amyrin
ingre_inci,inciName,legitimate_alpha_beta_inci,BETA VULGARIS (BEETROOT) EXTRACT
ingre_inci,inciName,legitimate_alpha_beta_inci,ALPHA ARBUTIN
ingre_inci,inciName,alpha_beta_prefix_other,Beta-Alaninoyl Glutamoyl
ingre_inci,inciName,alpha_beta_prefix_other,Betadex
ingre_inci,inciName,false_positive_betaine,Betaine
ingre_inci,inciName,false_positive_betaine,Betaine Salicylate
ingre_branded_ingredients,ingredient_name,garbage_long_name,Aqua|Sodium Cocoyl Isethionate|Disodium Cocoyl Glutamate|Glycerin|Acrylates Crosspolymer-4|Cocamidopropyl Betaine|Disodium Laureth Sulfosuccinate|Betaine|Glycoldistearate|Polyquaternium-47|Glycereth-26|Caprylyl/Capryl Glucoside|Sodium Methyl Cocoyl Taurate|Peg-7 Glycerylcocoate|Citric Acid|Polyquaternium-39|Acetamide Mea|Hydrolyzed Keratin|Panthenol|Sorbitol|Sodium Cocoyl Collagen Amino Acids |Cocoyl Sarcosine|Wheat Germ Acid |Triticum Vulgare (Wheat) Germ Oil|Polysorbate 20|Linoleic Acid|Linolenic Acid|Tocopherol|Simmondsia Chinensis (Jojoba) Seed Oil|Tocopheryl Acetate|Polysorbate 80|Hydrolyzed Glycosaminoglycans|Saccharide Isomerate|Sodium Citrate|Gossypium Herbaceum (Cotton) Seed Oil|Butyrospermum Parkii (Shea) Butter|Macadamia Ternifolia Seed Oil|Cocos Nucifera (Coconut) Fruit Extract|Chamomilla Recutita (Matricaria) Flower Extract|Aloe Barbadensis Leaf Extract |Camellia Sinensis Leaf Extract|Cinnamomum Zeylanicum Bark Extract |Acorus Calamus Root Extract|Commiphora Myrrha Resin Extract |Olea Europaea (Olive) Fruit Oil|Argania Spinosa Kernel Oil|Lecithin|Polyglyceryl-3 Diisostearate|Glyceryl Stearate|Phenoxyethanol|Ethylhexylglycerin|Benzoic Acid|Dehydroacetic Acid|Isoamyl Laurate|Sodium Metabisulfite|Guar Hydroxypropyltrimonium Chloride|Disodiumedta|Fragrance
ingre_branded_ingredients,ingredient_name,garbage_long_name,Aqua|Glycerin|Cetyl Alcohol|Cetearyl Alcohol|Rapeseed(Brassica Campestris) Oil|Olive Oil Peg-7 Esters|Betaine|Stearamidopropyl Dimethylamine|Hydroxypropyl Starch Phosphate|Triheptanoin|Polyquaternium-47|Guar Hydroxypropyltrimonium Chloride|Wheat Amino Acids|Soy Amino Acids|Arginine Hcl|Serine|Threonine|Oryza Sativa (Rice) Bran Oil|Oryza Sativa (Rice) Germ Oil|Hydrolyzed Quinoa|Sodium Hyaluronate|Tocopherol|Helianthus Annuus (Sunflower) Seed Oil|Acetamide Mea|Hydrolyzed Keratin|Panthenol|Sorbitol|Sodium Cocoyl Collagen Amino Acids|Cocoyl Sarcosine|Wheat Germ Acid|Triticum Vulgare (Wheat) Germ Oil|Polysorbate 20|Linoleic Acid|Linolenic Acid|Simmondsia Chinensis (Jojoba) Seed Oil|Tocopheryl Acetate|Polysorbate 80|Hydrolyzed Glycosaminoglycans|Orbignya Speciosa Kernel Oil|Astrocaryum Murumuru Fruit Extract |Gossypium Herbaceum (Cotton) Seed Oil|Butyrospermum Parkii (Shea) Butter|Macadamia Ternifolia Seed Oil|Cocos Nucifera (Coconut) Fruit Extract |Chamomilla Recutita (Matricaria) Flower Extract |Aloe Barbadensis Leaf Extract |Camellia Sinensis Leaf Extract|Cinnamomum Zeylanicum Bark Extract |Acorus Calamus Root Extract|Commiphora Myrrha Resin Extract |Olea Europaea (Olive) Fruit Oil|Argania Spinosa Kernel Oil|Lecithin|Polyglyceryl-3 Diisostearate|Glyceryl Stearate|Laminaria Saccharina Extract|Polyquaternium-7|Lactic Acid|Phenoxyethanol|Ethylhexylglycerin|Sodium Metabisulfite|Disodium Edta|Bht|Fragrance
ingre_branded_ingredients,ingredient_name,garbage_long_name,Aqua|Propanediol|Glycerin|Butylene Glycol|PPG-26-Buteth-26|PEG-40 Hydrogenated Castor Oil|Niacinamide|Betaine|Larix Europaea Wood Extract|Glycine|Zinc Chloride|Camellia Sinensis Leaf Extract|Polyquaternium 73|Polyquaternium 47|Curcuma Longa (Turmeric) Callus Culture Conditioned Media|Apigenin|Oleanolic Acid|Biotinoyl Tripeptide-1|Pentylene Glycol|Phytic Acid|Nasturtium Officinale Extract|Tropaeolum Majus Extract|Bis-PEG-18 Methyl Ether Dimethyl Silane|Phenoxyethanol|Polysorbate 20|Sodium Metabisulfite|Hydroxyethyl Cellulose|Polyquaternium 10|Fragrance|Caffeine|Panax Ginseng Root Extract
ingre_branded_ingredients,ingredient_name,garbage_long_name,Aqua|Glycerin|Isopropyl Myristate|Propylene Glycol|Decyl Glucoside|Niacinamide|Colloidal Sulfur|Salicylic Acid|Aloe Barbadensis Leaf Extract|Peg-40 Hydrogenated Castor Oil|Carbomer|Polysorbate 20|Climbazole|Triethanolamine|Melia Azadirachta Leaf Extract|Melaleuca Alternifolia (Tea Tree) Leaf Oil|Butylene Glycol|Glycolic Acid|Peg-60 Hydrogenated Castor Oil|Ethylhexylglycerin|Glyceryl Caprylate|Lactobacillus/Pear Juice Ferment Filtrate|O-Cymen-5-Ol|Phellodendron Amurense Bark Extract|Salix Alba (Willow) Bark Extract|Rehmannia Chinensis Root Extract|Scutellaria Baicalensis Root Extract|Houttuynia Cordata Extract|Glycine Soja (Soybean) Seed Extract|Zinc Pca|Xanthan Gum|Piroctone Olamine|Panthenol|Allantoin|Disodium Edta
ingre_branded_ingredients,ingredient_name,garbage_long_name,Oryza Sativa (Rice) Bran Oil|Oryza Sativa (Rice) Germ Oil|Gossypium Herbaceum (Cotton) Seed Oil|Butyrospermum Parkii (Shea) Butter|Macadamia Ternifolia Seed Oil|Cocos Nucifera (Coconut) Fruit Extract|Chamomilla Recutita (Matricaria) Flower Extract|Aloe Barbadensis Leaf Extract|Camellia Sinensis Leaf Extract|Cinnamomum Zeylanicum Bark Extract|Acorus Calamus Root Extract|Commiphora Myrrha Resin Extract|Olea Europaea (Olive) Fruit Oil|Aqua|Argania Spinosa Kernel Oil|Lecithin|Polyglyceryl-3 Diisostearate|Glycerin|Glyceryl Stearate|Tocopherol|Helianthus Annuus (Sunflower) Seed Oil
ingre_branded_ingredients,ingredient_name,wrong_beta_arbutin,Beta-ARBUTIN
ingre_branded_ingredients,ingredient_name,wrong_beta_arbutin,Beta-Arbutin (YR Chemspec)
ingre_branded_ingredients,ingredient_name,wrong_beta_arbutin,Beta Arbutin
ingre_branded_ingredients,ingredient_name,greek_or_eszett,αG Hesperidin PS-CC
ingre_branded_ingredients,ingredient_name,greek_or_eszett,18-β-Glycyrrhetinic Acid (Enoxolone)
ingre_branded_ingredients,ingredient_name,greek_or_eszett,2-Hydroxypropyl-β-cyclodextrin
ingre_branded_ingredients,ingredient_name,greek_or_eszett,Bicoalgae® ω3 (Omega-3)
ingre_branded_ingredients,ingredient_name,greek_or_eszett,Gwhite® α-ABT
ingre_branded_ingredients,ingredient_name,greek_or_eszett,5α-Avocuta® T
ingre_branded_ingredients,ingredient_name,greek_or_eszett,α-Lupaline®
ingre_branded_ingredients,ingredient_name,greek_or_eszett,dl-α-Tocopherol
ingre_branded_ingredients,ingredient_name,greek_or_eszett,CG-Prohairin-ß4
ingre_branded_ingredients,ingredient_name,greek_or_eszett,Oat Beta Glucan (ß-D-Glucan)
ingre_branded_ingredients,ingredient_name,greek_or_eszett,CG-TGFß1
ingre_branded_ingredients,ingredient_name,greek_or_eszett,CG-Thymosin-ß4
ingre_branded_ingredients,ingredient_name,greek_or_eszett,ß-CYCLODEXTRIN POWDER
ingre_branded_ingredients,ingredient_name,greek_or_eszett,Cyclosystem Complex® Arbutin 50% in HP-ß-Cyclodextrin
ingre_branded_ingredients,ingredient_name,greek_or_eszett,18-ß-Glycyrrhetinic Acid
ingre_branded_ingredients,ingredient_name,greek_or_eszett,Cyclosystem Complex® L-Carnitine 20% in HP-ß-Cyclodextrin
ingre_branded_ingredients,ingredient_name,greek_or_eszett,ß-Ecdysone
ingre_branded_ingredients,ingredient_name,greek_or_eszett,Acetyl-11-keto-ß-boswellic acid/AKBA
ingre_branded_ingredients,ingredient_name,greek_or_eszett,ß-WHITE™
ingre_branded_ingredients,ingredient_name,greek_or_eszett,Glucan ß
ingre_branded_ingredients,ingredient_name,legitimate_alpha_beta_inci,ALPHA-ARBUTIN
ingre_branded_ingredients,ingredient_name,legitimate_alpha_beta_inci,Alpha Arbutin
ingre_branded_ingredients,ingredient_name,legitimate_alpha_beta_inci,Alpha Hydroxy Acids AHA
ingre_branded_ingredients,ingredient_name,legitimate_alpha_beta_inci,Alpha-Arbutin
ingre_branded_ingredients,ingredient_name,legitimate_alpha_beta_inci,Alpha-ARBUTIN
ingre_branded_ingredients,ingredient_name,legitimate_alpha_beta_inci,Alpha-arbutin
ingre_branded_ingredients,ingredient_name,legitimate_alpha_beta_inci,alpha-Arbutin
ingre_branded_ingredients,ingredient_name,legitimate_alpha_beta_inci,Beta Sitosterol 90%
ingre_branded_ingredients,ingredient_name,legitimate_alpha_beta_inci,Beta Glucan 80%
ingre_branded_ingredients,ingredient_name,legitimate_alpha_beta_inci,Beta Caryophyllene Acetate
ingre_branded_ingredients,ingredient_name,legitimate_alpha_beta_inci,Beta Caryophyllene 90%
ingre_branded_ingredients,ingredient_name,legitimate_alpha_beta_inci,Beta Caryophyllene 95%
ingre_branded_ingredients,ingredient_name,legitimate_alpha_beta_inci,Beta Carotene Powder
ingre_branded_ingredients,ingredient_name,legitimate_alpha_beta_inci,Beta-Carotene Liquid 30%
ingre_branded_ingredients,ingredient_name,legitimate_alpha_beta_inci,Beta-Carotene 98% Pharma Grade
ingre_branded_ingredients,ingredient_name,legitimate_alpha_beta_inci,Beta Glucan 90%
ingre_branded_ingredients,ingredient_name,legitimate_alpha_beta_inci,Beta Caryophyllene 85%
ingre_branded_ingredients,ingredient_name,legitimate_alpha_beta_inci,Beta-Glucan
ingre_branded_ingredients,ingredient_name,legitimate_alpha_beta_inci,Beta-Glucan
ingre_branded_ingredients,ingredient_name,legitimate_alpha_beta_inci,Beta-Glucan M
ingre_branded_ingredients,ingredient_name,alpha_beta_prefix_other,AlphaImprove 4D Hair
ingre_branded_ingredients,ingredient_name,alpha_beta_prefix_other,Alpha-Acneic
ingre_branded_ingredients,ingredient_name,alpha_beta_prefix_other,Alpha Lipoic Acid 80 Mesh
ingre_branded_ingredients,ingredient_name,alpha_beta_prefix_other,Alpha Glucosyl Hesperidin
ingre_branded_ingredients,ingredient_name,alpha_beta_prefix_other,Alpha Humulene
ingre_branded_ingredients,ingredient_name,alpha_beta_prefix_other,AlphaComplete®
ingre_branded_ingredients,ingredient_name,alpha_beta_prefix_other,Alpha-Skin Repair
ingre_branded_ingredients,ingredient_name,alpha_beta_prefix_other,AlphaShield
ingre_branded_ingredients,ingredient_name,alpha_beta_prefix_other,AlphaImprove Body
ingre_branded_ingredients,ingredient_name,alpha_beta_prefix_other,AlphaWhiteness®
ingre_branded_ingredients,ingredient_name,alpha_beta_prefix_other,BETAION CAPB
ingre_branded_ingredients,ingredient_name,alpha_beta_prefix_other,BetaHydrate™ (Oat Beta-Glucan 3% Solution)
ingre_branded_ingredients,ingredient_name,alpha_beta_prefix_other,Beta-Cyclodextrin
ingre_branded_ingredients,ingredient_name,alpha_beta_prefix_other,BETAION® CAB
ingre_branded_ingredients,ingredient_name,alpha_beta_prefix_other,BETAION® VEGE
ingre_branded_ingredients,ingredient_name,alpha_beta_prefix_other,BetaHydrate™ (Oat Beta-Glucan 3% Solution)
ingre_branded_ingredients,ingredient_name,alpha_beta_prefix_other,BetaPure™ (Betaine Anhydrous 99%)
ingre_branded_ingredients,ingredient_name,alpha_beta_prefix_other,Alphaflow® UV
ingre_branded_ingredients,ingredient_name,alpha_beta_prefix_other,Alphaflow® 20
ingre_branded_ingredients,ingredient_name,alpha_beta_prefix_other,Alphaflow® 40 E
ingre_branded_ingredients,ingredient_name,false_positive_betaine,Betaine Salicylate
ingre_branded_ingredients,ingredient_name,false_positive_betaine,Betaine Salicylate (BHA)
ingre_branded_ingredients,ingredient_name,false_positive_betaine,BETAINE GENENCARE® OSMS BA
ingre_branded_ingredients,ingredient_name,false_positive_betaine,Betaine
ingre_branded_ingredients,ingredient_name,false_positive_betaine,Betaines
