Field,Option
Benefits,Acne Control
,Adding Texture
,adds shine
,Age Defying
,Anti Hair Fall
,Anti Hairfall
,anti-aging
,Anti-Frizz
,Antioxidant Protection
,Balancing Oily Scalp
,Boosting Collagen
,Bouncy
,brightening
,Brightens and evens skin tone
,Brightens dull skin Helps reduce dark spots Lightweight & non-sticky Suitable for all skin types
,Brow Growth/Thickening
,Callus Removal
,Cell Turnover
,Cellulite Reduction
,Chip Resistance
,Cleanses without stripping
,Cleansing
,Color
,Color Protection
,Colour Refresh
,Conditioning
,Cooling
,Cooling/Refreshing
,Cracked Heel Repair
,Curl Definition
,Cuticle Care
,Damage Repair
,Dandruff Control
,Dandruff Treatment
,Dark Circle Reduction
,Dark Spot Correction
,De-Puffing
,Deep Cleansing
,Detangling
,Easy Application
,Even Skin Tone
,Exfoliation
,Firming
,Firming/Lifting
,Frizz Control
,Fungus Prevention/Treatment
,Glossy Finish
,Glow
,Growth Promotion
,Hair Fall Care
,Hair Growth Stimulation
,Hair Growth Support
,Hair Strengthening
,Healing Chapped Lips
,Heat Protection
,Helps Reduce Acne
,Hydrates & protects lips from UV damage
,Hydrating
,Hydration
,Hydration/Moisturizing
,Improving Texture
,Lash Growth/Strengthening
,Lightweight
,Locks in moisture
,Long Lasting
,Long-lasting Makeup
,Long-lasting Wear
,Luminous
,Moisturising
,Moisturizing
,Nail Repair
,Non-Drying
,Non-Sticky
,Nourishes skin barrier
,Nourishing
,Nourishment
,Odor Control
,Oil Control
,Plumping
,Pore Minimising
,Pore Minimizing
,Preserving Hair Color
,Prevents tanning & sunburn
,protects against blue light
,Puffiness Reduction
,Redness Reduction
,Reduces flakes
,refreshes skin
,Regenerating
,Rejuvenating
,Removes dirt & excess oil
,Repair
,Repair Dry/Cracked Skin
,Restorative
,Revitalizing
,Sanitizing
,Scalp Cleansing
,Scalp Soothing
,Self-tanning
,Shine
,Skin Brightening
,Skin Plumping
,Skin Smoothing
,Smoothening
,Smoothing
,Softening
,Soothing Sensitive Skin
,Soothing Tired Feet
,Split End Repair
,Straightening
,Strenghtening
,Strengthening
,Strengthening Nails
,Stretch Mark Reduction
,string
,Strong Hold
,Stronger
,Sun Protection
,Tightening
,UV Protection
,Vitamin Infused
,Volumising
,Volumizing
,Water Resistant
,Waterproof
,Waterproof Makeup
,Wrinkle Smoothing
Product classification,Cosmecuticals
,Cosmetics
,Nutraceutical
,Skincare
Body part,Body
,Body Care
,Face
,Face & Body
,Hair
,Lips
,Scalp & Hair
,Skin
Makeup finish,Dewy
,Fresh
,Glossy
,Glowy
,Matte
,Natural
,Radiant
,Satin
,Semi-matte
,Velvet
Fragrance family,Citrus
,Clean
,Floral
,Fragrance free
,Fresh
,Vanilla
Special feature,Anti-Aging
,Anti-dandruff
,Antioxidant-rich
,Antioxidants
,Body Lotions & Moisturizers
,Clinically Proven
,Cruelty Free
,Dermatologically Tested
,Exfoliating
,Fragrance Free
,Gentle
,Hypoallergenic
,Long-lasting hydration
,Mineral Oil Free
,Natural
,Non-Comedogenic
,Oil Free
,Paraben Free
,Parabens Free
,Petrochemical Free
,pH balanced
,pH-balanced
,Silicone Free
,SPF 20
,SPF 50 UVA/UVB protection
,Sulfate Free
,Sulphate Free
,Vegan
Certifications,FDA
,FSSAI
,ISO 9001
Formulation,Balm
,Bar
,Capsule
,Cleansing Milk
,Cream
,Effervescent
,Emollient
,Eye Pad
,Foam
,Gel
,Liquid
,Lotion
,Lotion/Body Butter
,Mask
,Mist
,Mousse
,Oil
,Other
,Pack
,Paper
,Powder
,Roll on
,Scrub
,Serum
,Solid
,Spray
,Stick
,Tablet
,Water-Based
,Wax
,Wipes
Gender,Boy
,Female
,Girl
,Male
,Men
,Other
,Unisex
,Women
Claims,100% Natural
,100% Pure and Triple-Purified
,100% Vegan
,2-in-1 formula
,8 Times More potent Vitamin C formula
,Anti-aging
,Anti-Aging Support
,Antioxidant Protection
,Antioxidant Shield
,Barrier Repair
,Barrier Repair & Hydration
,Brain Health
,Brightening
,Brightening Effect
,Brightens skin tone
,Brighter Skin
,Broad Spectrum Protection
,Broad spectrum SPF 20
,Broad spectrum SPF 50
,Builds Immunity
,Clears Buildup Brightens skin Fades Tan
,Clinically proven
,Clinically Proven to Heal Dry Skin
,Cruelty Free
,Cruelty-Free
,Dark Spot Control
,Deep hydration
,Deeply cleanses
,Deeply Hydrates Soothes Inflammation UV protection
,Dermatologically tested
,Dermatologically tested Free from Parabens & Sulfates Made Safe Certified No harmful chemicals
,Dermatologist tested
,Dermatologist-Crafted Skin Longevity System
,Dermatologist-Tested
,"Detoxifies skin, Purifies skin"
,Eco Consious and Toxin Free
,Fragrance free
,Fragrance-free
,Gelatin Free
,Gentle
,Gentle exfoliation
,Gluten Free
,Healthy Aging
,Home-use moisturizing cosmetic gel with a plumping effect
,Hydrating
,Hydration & Comfort
,Hydration Boost
,Hypoallergenic
,Improves Hair Volume & Density
,Instant fairness
,Lightweight texture
,Locks in Moisture For 24 Hours
,Mineral Oil Free
,Natural glow
,No Added Preservatives
,No Animal Testing (Cruelty-Free)
,No Mineral Oil
,No Parabens
,No Silicones
,No Sulphates
,Non-comedogenic
,Non-drying
,Non-sticky
,Non-Sticky Texture
,Oil regulation
,Oil-free
,Paraben and mineral oil free
,Paraben Free
,Paraben-free
,Pediatrically-Approved for Baby Skin Care
,Petrolatum Free
,PH Balanced
,Prevents Diaper Rash
,Prevents Hair Fall
,Professional Skin Care
,Protects Minor Cuts and Scrapes
,Reduces Pigmentation Restores firmness Repairs Barrier
,Regenerates New Hair Growth
,Retinol Alternative
,Sensitive-skin safe
,Skin Barrier Repair
,Skins Wellness
,Soothing
,Soothing Care
,Soothing cleanse
,Sports Recovery
,Steroid free
,Sulfate free
,Sulfate-free
,Sulfate-free formula
,Sulphate Free
,Tri-Retinoid Complex 0.3%
,Tri-Retinoid Complex 0.3% Anti-Aging Support Antioxidant Protection Barrier Repair & Hydration Brighter Skin
,Triple Acid Formula
,Vegan
Tags,2-in-1 Cleanser
,30g Airless Pump Cream
,Aakaar Medical Technologies
,Acne
,acne cleanser
,Acne Control
,Acne Removal
,Advanced Skincare
,AirlessPumpSkincare
,all-fields
,Aloe Vera
,Alpha Arbutin Skincare
,amino acids
,Anti Dandruff Serum
,Anti Hair Fall Oil
,Anti Hair Fall Serum
,Anti Pollution
,Anti-Aging
,Anti-Aging Skincare
,Anti-Hair Fall Kit
,Anti-Pigmentation Cream
,AntiAgingCream
,AntiAgingSerum
,Ayurvedic
,BabyCareEssential
,Bakuchiol
,barrier repair
,Barrier Repair Lotion
,Barrier Support Brightening Cream
,BiomimeticPeptides
,Biotic Hair Supplements
,Blemish Removal
,BodyJelly
,Brain Health
,Brightening
,Brightening Cream
,Brightening Face Cream
,Brightening Serum
,BrighteningGel
,brightens & even skin tone.
,Broad Spectrum
,BroadSpectrumSPF
,category
,CellularRegeneration
,Ceramide
,Ceramide Moisturizer
,Ceramides
,ChappedLipsCare
,Chewable Supplements
,Clean Beauty
,Cleanser
,clinically tested
,Collagen
,collagen boost
,CollagenBooster
,complete
,Comprehensive Hair Nutrition
,Cream
,cream1
,Creamy
,Cruelty Free
,Cruelty-Free Brightening Cream
,Daily Hair Conditioner
,daily hydration.
,Daily Moisturizer
,daily use
,DailySunscreen
,Damage Repair Conditioner
,Damage Repair Hair Balm
,Damage Repair Shampoo
,Dandruff
,Dandruff Control Treatment
,Dark Spot Corrector
,Dark Spot Serum
,DarkSpotFormula
,dead skin removal
,debug
,Dermatologically Tested
,Dermatologist Developed
,Dermatologist Formulated
,Dermatologist Recommended Hair Care
,Dermatologist Tested Skincare
,Dermatologist-Crafted
,dermatologist-tested
,DermatologistApproved
,Dewy Glow
,Dry
,Dry Hair Treatment
,Dry Hair Treatment Oil
,dry scalp
,Dry Skin
,DrySkinRelief
,Dullness
,Essential Oils
,Even Skin Tone & Smooths Texture
,Exfoliating
,Exfoliating Serum
,ExosomeSkincare
,Face Cleanser Mask
,Face Mask
,Face Sunscreen
,Face Wash
,final
,fine lines
,FirstAidJelly
,Flaky Scalp Treatment
,Foaming
,Fragrance-Free
,FragranceFreeSkincare
,Frizz Control Conditioner
,Frizz Control Hair Balm
,Frizz Control Hair Oil
,Frizz Control Shampoo
,Gel
,Gel Cleanser
,Gel Moisturizer
,Gentle
,gentle exfoliation
,Gentle Face Cleanser
,GlassSkinComplexion
,Glow
,GlowGelCream
,GlutathioneCream
,Hair Care Supplements
,Hair Cleanser
,Hair fall
,Hair Growth Kit
,Hair Growth Serum
,Hair Growth Tool
,Hair Repair Balm
,Hair Serum Applicator
,Hair Strengthening Oil
,Hair Thickening Serum
,Healthy Aging
,Hyaluronic Acid
,HyaluronicAcidGel
,Hydrating
,Hydrating Cleanser
,Hydrating Conditioner
,Hydrating Cream
,Hydrating Lotion
,Hydrating serum
,HydratingGel
,HydratingGelSerum
,Hydration
,HyperpigmentationRemover
,HyperpigmentationTreatment
,Hypoallergenic
,images
,imageurl
,Immunity
,IndianSkincare
,Intense Moisturizing Cream
,itchy Scalp
,Itchy Scalp Serum
,Keratin Shampoo
,Kojic Acid Cream
,KojicAcidDipalmitate
,L-Theanine Supplements
,Leave In Conditioner
,LiftingAndFirming
,Light weight Hydration
,lightens
,Lighter
,Lightweight
,LightweightSunscreen
,Lip Balm
,lotion
,LuminousSkin
,Lypo Cap Technology Cream
,LypoMatrixTechnology
,Lytec Cream
,made safe certified
,matte finish
,Melatonin Gummies
,Microneedling Dermastamp
,Microneedling Scalp Applicator
,MineralSunscreen
,minimalist
,Moisturizer
,Moisturizing Lotion
,MultiPurposeSkincare
,mushroom extract
,NanoVitaminC
,Niacinamide
,Niacinamide Cream
,NiacinamideSkincare
,Night and Day Cream
,Night Cream
,Nighttime Treatment
,Non Comedegenic
,non greasy
,Non-Comedogenic
,NonGreasyMoisturizer
,NonGreasySunscreen
,NoPilling
,Nourishing Hair Oil
,Nourishing Moisturizer
,Nutraceutical
,Nutritional Hair Supplements
,Oil
,Oil-Free
,Oily
,Oily Skin
,PA++++
,Paraben-Free
,ParabenFreeSkincare
,Peeling gel
,Peptide Hair Serum
,peptide serum
,PetroleumJelly
,pH balanced
,PhysicalSunscreen
,pigmentation
,Pigmentation Care Cream
,Polynucleotides
,PostTreatmentCare
,Potent Herbs
,Pre Shampoo Balm
,Premium Face Cream
,PromoitaliaExotech
,PurePetroleumJelly
,Radiance
,Radiant Skin
,RadiantComplexion
,RebloomEclipse
,redness relief
,reduce acne flares
,Reduce darkspot
,reduce scars
,Reduces Dark Spots & Marks
,Regrowth
,Restoring serum
,Retinol
,Retinol Night Cream
,Salicylic Acid
,Scalp Dermastamp
,Scalp Serum
,Science-Backed Skincare
,Sensitive Skin
,Sensitive Skin Face Wash
,sensitive skin friendly
,Serum
,shea butter
,Shine
,Skin and Hair Health
,Skin Glow
,Skin Lightening Cream
,Skin Tone Evenening Cream
,SkinBarrierRepair
,SkinBioRestructuring
,SkinBrighteningCream
,Skincare
,skincare1
,SkincareIndia
,SkinProtectingJelly
,Sleep and Hair Supplements
,SLS Free
,smooth skin
,Smoothening Face Serum
,SnailMucinSerum
,Soap Free Cleanser
,Soap-Free
,soothing
,SPF
,SPF 50
,SPF50
,Sports Recovery
,Steriod Free
,Steroid Free
,Stress Relief Gummies
,string
,Sugar-Free Wellness Gummies
,Sulfate-Free
,Sulphate Free
,Sulphate Free Shampoo
,Sun Protection
,Sunscreen
,tag test
,tag test krtoy
,tan removal
,test1
,test8
,Toxin Free
,Treats Pigmentation & Acne Marks
,Triple Acid Serum
,UnevenSkinTone
,uv protection
,VaselineJelly
,Vegan Skincare
,Vitamin C
,VitaminCSerum
,Wellness Gummies
,wrinkles
,ZeroWhiteCast
,ZincOxideSunscreen
Hair type,All Hair Types
,Coloured
,Curly
,Dryness
,Fine
,Keratin Treated
,Normal
,Straight
,Thick
,Thin
,Wavy
Skin type,All Skin Types
,Combination
,Dry
,Normal
,Oily
,Sensitive
Skin concerns,Acne
,Age Spots
,Aging
,Blackheads
,Blemishes
,Body Acne
,Breakouts
,Burning
,Clogged Pores
,Dark Spots
,Dark Underarms
,Dryness
,Dullness
,Eczema
,Fine Lines
,Flakiness
,Hyperpigmentation
,Irritation
,Itching
,Keratin Buildup
,Loss of Elasticity
,Melasma
,Oily Skin
,Psoriasis
,Puffiness
,Redness
,Rosacea
,Rough Texture
,Sagging
,Scars
,Sensitivity
,Stinging
,Stretch Marks
,Sun Damage
,Tightness
,Uneven Skin Tone
,Wrinkles
Hair concerns,Alopecia
,Baldness
,Breakage
,Brittle Hair
,Chemical Damage
,Clarifying Needs
,Color Damage
,Color Fading
,Crown Thinning
,Damaged Hair
,Dandruff
,Dry Hair
,Dry Scalp
,Dullness
,Flat Hair
,Flyaways
,Frizz
,Greasy Hair
,Hair Fall
,Hair Growth
,Hair Loss
,Hair Regrowth
,Heat Damage
,Itchy Scalp
,Lack of Bounce
,Lack of Shine
,Lack of Volume
,Lifeless Hair
,Oily Hair
,Oily Scalp
,Over-Processing
,Patchy Hair Loss
,Porosity Issues
,Postpartum Hair Loss
,Product Buildup
,Receding Hairline
,Rough Texture
,Scalp Acne
,Scalp Fungus
,Scalp Irritation
,Scalp Psoriasis
,Seasonal Shedding
,Seborrheic Dermatitis
,Slow Growth
,Split Ends
,Static
,Tangles
,Thinning
,Unmanageable Hair
,Weak Hair
Hair goals,Balanced Scalp Oil Production
,Bounce
,Bouncy Hair
,Curl Definition
,Damage Repair
,Dandruff-Free Scalp
,Defined Curls
,Enhanced Hair Color (Natural or Dyed)
,Faster Hair Growth
,Frizz Control
,Growth
,Hair Growth
,Healthy Scalp
,Heat and Damage Protection
,Hydrated and Moisturized Hair
,Hydration
,Less Breakage
,Manageability
,Manageable Hair
,Moisture
,More Volume
,No Specific
,Nourishment
,Reduce Hair Fall
,Reduced Hair Loss
,Repair
,Scalp Health
,Shine
,Shinier Hair
,Silkiness
,Smoother Hair
,Smoothness
,Softer Hair
,Softness
,Split-End Prevention
,Strength
,Stronger Hair
,Thicker Hair
,Volume
Conscious,Clean
,Cruelty Free
,Organic
,Vegan
Meta keywords,2-in-1 Cleanser
,30g Airless Pump Cream
,Aakaar Medical Technologies
,Acne
,acne cleanser
,Acne Control
,Acne Removal
,Advanced Skincare
,AirlessPumpSkincare
,all-fields
,Aloe Vera
,Alpha Arbutin Skincare
,amino acids
,Anti Dandruff Serum
,Anti Hair Fall Oil
,Anti Hair Fall Serum
,Anti Pollution
,Anti-Aging
,Anti-Aging Skincare
,Anti-Hair Fall Kit
,Anti-Pigmentation Cream
,AntiAgingCream
,AntiAgingSerum
,Ayurvedic
,BabyCareEssential
,Bakuchiol
,barrier repair
,Barrier Repair Lotion
,Barrier Support Brightening Cream
,BiomimeticPeptides
,Biotic Hair Supplements
,Blemish Removal
,BodyJelly
,Brain Health
,Brightening
,Brightening Cream
,Brightening Face Cream
,Brightening Serum
,BrighteningGel
,brightens & even skin tone.
,Broad Spectrum
,BroadSpectrumSPF
,category
,CellularRegeneration
,Ceramide
,Ceramide Moisturizer
,Ceramides
,ChappedLipsCare
,Chewable Supplements
,Clean Beauty
,Cleanser
,clinically tested
,Collagen
,collagen boost
,CollagenBooster
,complete
,Comprehensive Hair Nutrition
,Cream
,cream1
,Creamy
,Cruelty Free
,Cruelty-Free Brightening Cream
,Daily Hair Conditioner
,daily hydration.
,Daily Moisturizer
,daily use
,DailySunscreen
,Damage Repair Conditioner
,Damage Repair Hair Balm
,Damage Repair Shampoo
,Dandruff
,Dandruff Control Treatment
,Dark Spot Corrector
,Dark Spot Serum
,DarkSpotFormula
,dead skin removal
,debug
,Dermatologically Tested
,Dermatologist Developed
,Dermatologist Formulated
,Dermatologist Recommended Hair Care
,Dermatologist Tested Skincare
,Dermatologist-Crafted
,dermatologist-tested
,DermatologistApproved
,Dewy Glow
,Dry
,Dry Hair Treatment
,Dry Hair Treatment Oil
,dry scalp
,Dry Skin
,DrySkinRelief
,Dullness
,Essential Oils
,Even Skin Tone & Smooths Texture
,Exfoliating
,Exfoliating Serum
,ExosomeSkincare
,Face Cleanser Mask
,Face Mask
,Face Sunscreen
,Face Wash
,final
,fine lines
,FirstAidJelly
,Flaky Scalp Treatment
,Foaming
,Fragrance-Free
,FragranceFreeSkincare
,Frizz Control Conditioner
,Frizz Control Hair Balm
,Frizz Control Hair Oil
,Frizz Control Shampoo
,Gel
,Gel Cleanser
,Gel Moisturizer
,Gentle
,gentle exfoliation
,Gentle Face Cleanser
,GlassSkinComplexion
,Glow
,GlowGelCream
,GlutathioneCream
,Hair Care Supplements
,Hair Cleanser
,Hair fall
,Hair Growth Kit
,Hair Growth Serum
,Hair Growth Tool
,Hair Repair Balm
,Hair Serum Applicator
,Hair Strengthening Oil
,Hair Thickening Serum
,Healthy Aging
,Hyaluronic Acid
,HyaluronicAcidGel
,Hydrating
,Hydrating Cleanser
,Hydrating Conditioner
,Hydrating Cream
,Hydrating Lotion
,Hydrating serum
,HydratingGel
,HydratingGelSerum
,Hydration
,HyperpigmentationRemover
,HyperpigmentationTreatment
,Hypoallergenic
,images
,imageurl
,Immunity
,IndianSkincare
,Intense Moisturizing Cream
,itchy Scalp
,Itchy Scalp Serum
,Keratin Shampoo
,Kojic Acid Cream
,KojicAcidDipalmitate
,L-Theanine Supplements
,Leave In Conditioner
,LiftingAndFirming
,Light weight Hydration
,lightens
,Lighter
,Lightweight
,LightweightSunscreen
,Lip Balm
,lotion
,LuminousSkin
,Lypo Cap Technology Cream
,LypoMatrixTechnology
,Lytec Cream
,made safe certified
,matte finish
,Melatonin Gummies
,Microneedling Dermastamp
,Microneedling Scalp Applicator
,MineralSunscreen
,minimalist
,Moisturizer
,Moisturizing Lotion
,MultiPurposeSkincare
,mushroom extract
,NanoVitaminC
,Niacinamide
,Niacinamide Cream
,NiacinamideSkincare
,Night and Day Cream
,Night Cream
,Nighttime Treatment
,Non Comedegenic
,non greasy
,Non-Comedogenic
,NonGreasyMoisturizer
,NonGreasySunscreen
,NoPilling
,Nourishing Hair Oil
,Nourishing Moisturizer
,Nutraceutical
,Nutritional Hair Supplements
,Oil
,Oil-Free
,Oily
,Oily Skin
,PA++++
,Paraben-Free
,ParabenFreeSkincare
,Peeling gel
,Peptide Hair Serum
,peptide serum
,PetroleumJelly
,pH balanced
,PhysicalSunscreen
,pigmentation
,Pigmentation Care Cream
,Polynucleotides
,PostTreatmentCare
,Potent Herbs
,Pre Shampoo Balm
,Premium Face Cream
,PromoitaliaExotech
,PurePetroleumJelly
,Radiance
,Radiant Skin
,RadiantComplexion
,RebloomEclipse
,redness relief
,reduce acne flares
,Reduce darkspot
,reduce scars
,Reduces Dark Spots & Marks
,Regrowth
,Restoring serum
,Retinol
,Retinol Night Cream
,Salicylic Acid
,Scalp Dermastamp
,Scalp Serum
,Science-Backed Skincare
,Sensitive Skin
,Sensitive Skin Face Wash
,sensitive skin friendly
,Serum
,shea butter
,Shine
,Skin and Hair Health
,Skin Glow
,Skin Lightening Cream
,Skin Tone Evenening Cream
,SkinBarrierRepair
,SkinBioRestructuring
,SkinBrighteningCream
,Skincare
,skincare1
,SkincareIndia
,SkinProtectingJelly
,Sleep and Hair Supplements
,SLS Free
,smooth skin
,Smoothening Face Serum
,SnailMucinSerum
,Soap Free Cleanser
,Soap-Free
,soothing
,SPF
,SPF 50
,SPF50
,Sports Recovery
,Steriod Free
,Steroid Free
,Stress Relief Gummies
,string
,Sugar-Free Wellness Gummies
,Sulfate-Free
,Sulphate Free
,Sulphate Free Shampoo
,Sun Protection
,Sunscreen
,tag test
,tag test krtoy
,tan removal
,test1
,test8
,Toxin Free
,Treats Pigmentation & Acne Marks
,Triple Acid Serum
,UnevenSkinTone
,uv protection
,VaselineJelly
,Vegan Skincare
,Vitamin C
,VitaminCSerum
,Wellness Gummies
,wrinkles
,ZeroWhiteCast
,ZincOxideSunscreen
